Condition,Tip
Stress,"Take 10 deep breaths when you feel overwhelmed."
Stress,"Go for a walk outdoors to clear your mind."
Stress,"Write down your thoughts in a journal to release tension."
Stress,"Listen to calming music, like nature sounds or instrumental tracks."
Stress,"Avoid multitasking; focus on completing one task at a time."

Anxiety,"Practice grounding techniques, like the 5-4-3-2-1 method."
Anxiety,"Repeat affirmations, such as 'I am calm and in control.'"
Anxiety,"Limit your exposure to anxiety-inducing triggers, like social media."
Anxiety,"Write down your anxious thoughts and challenge them."
Anxiety,"Drink chamomile tea to naturally calm your nerves."

Depression,"Set small, achievable goals to give yourself a sense of accomplishment."
Depression,"Engage in physical activity, even a short daily walk."
Depression,"Spend time with supportive family or friends."
Depression,"Eat nutrient-rich foods to support brain function."
Depression,"Express your thoughts and feelings through art or writing."

Grief,"Allow yourself to cry and express emotions naturally."
Grief,"Reach out to friends or family for emotional support."
Grief,"Honor your loved ones with meaningful actions or rituals."
Grief,"Engage in creative outlets, like painting, music, or gardening."
Grief,"Consider counseling to process your grief with professional help."

Loneliness,"Join a local group, club, or online community."
Loneliness,"Reach out to a friend or family member for meaningful connection."
Loneliness,"Adopt a pet to experience companionship and love."
Loneliness,"Start learning a new hobby to stay mentally engaged."
Loneliness,"Volunteer to help others and build relationships with purpose."

Anger,"Count to 10 before reacting when you're feeling angry."
Anger,"Take a short walk or break to cool down."
Anger,"Write down why youâ€™re angry and explore solutions constructively."
Anger,"Practice deep breathing or visualization to reduce your emotional intensity."
Anger,"Channel anger into physical activities, like running or boxing."

Fatigue,"Take short breaks throughout your day to restore energy."
Fatigue,"Get 7-9 hours of quality sleep every night."
Fatigue,"Eat small, nutrient-rich meals to maintain energy levels."
Fatigue,"Engage in light exercise, like walking or stretching, to boost blood flow."
Fatigue,"Practice mindfulness or meditation to calm your mind."

Insomnia,"Establish a consistent sleep routine and bedtime schedule."
Insomnia,"Avoid screens 1 hour before bed to reduce blue light exposure."
Insomnia,"Listen to calming sounds, like rain or white noise, to aid sleep."
Insomnia,"Avoid caffeine after 2 PM to improve sleep quality."
Insomnia,"Practice progressive muscle relaxation before bed."

Panic Attacks,"Focus on slow, deliberate breathing using the 4-7-8 method."
Panic Attacks,"Ground yourself by focusing on physical sensations, like touch."
Panic Attacks,"Repeat reassuring affirmations like 'This will pass, and I am safe.'"
Panic Attacks,"Sip cold water slowly to calm your nerves."
Panic Attacks,"Practice mindfulness to center yourself in the present moment."

OCD,"Engage in Cognitive Behavioral Therapy (CBT) to manage obsessive thoughts."
OCD,"Identify triggers for compulsive behaviors and work to resist them."
OCD,"Practice mindfulness to redirect your attention to healthier habits."
OCD,"Challenge intrusive thoughts by asking 'Is this helpful or necessary?'"
OCD,"Keep a journal to identify patterns in obsessions or compulsions."

PTSD,"Engage in trauma-focused therapy, like EMDR or CBT."
PTSD,"Practice deep breathing exercises to reduce hyperarousal."
PTSD,"Identify triggers and plan strategies to manage them safely."
PTSD,"Write about your experiences to process emotions over time."
PTSD,"Spend time in safe, calming environments to reduce anxiety."

Guilt,"Accept that everyone makes mistakes and focus on personal growth."
Guilt,"Apologize to those affected and work toward making amends."
Guilt,"Challenge negative self-talk by asking 'Am I being fair to myself?'"
Guilt,"Write down your feelings of guilt and reflect on lessons learned."
Guilt,"Talk to a counselor for strategies to manage excessive guilt."

Overthinking,"Distract yourself with engaging activities, like a hobby or task."
Overthinking,"Set a 5-minute timer to process thoughts, then let them go."
Overthinking,"Write your worries down and separate rational concerns from fears."
Overthinking,"Focus on what you can control and accept what you cannot."
Overthinking,"Engage in meditation to quiet an overactive mind."

Shyness,"Practice small conversations with trusted friends or family."
Shyness,"Gradually expose yourself to new social situations to build confidence."
Shyness,"Focus on listening actively rather than worrying about what to say."
Shyness,"Use positive self-talk to remind yourself that you belong in any space."
Shyness,"Join a group or community where you share a common interest."
